<?xml version="1.0"?>
<link_info>
   <banner>TI ARM Linker Unix v5.2.6</banner>
   <copyright>Copyright (c) 1996-2015 Texas Instruments Incorporated</copyright>
   <link_time>0x56ca7665</link_time>
   <link_errors>0x0</link_errors>
   <output_file>Lab02.out</output_file>
   <entry_point>
      <name>_c_int00</name>
      <address>0x331</address>
   </entry_point>
   <input_file_list>
      <input_file id="fl-2">
         <path>./</path>
         <kind>object</kind>
         <file>blink.obj</file>
         <name>blink.obj</name>
      </input_file>
      <input_file id="fl-3">
         <path>./</path>
         <kind>object</kind>
         <file>msp432_startup_ccs.obj</file>
         <name>msp432_startup_ccs.obj</name>
      </input_file>
      <input_file id="fl-4">
         <path>./</path>
         <kind>object</kind>
         <file>myToggle.obj</file>
         <name>myToggle.obj</name>
      </input_file>
      <input_file id="fl-12a">
         <path>/home/cheeto/programs/ti/ccsv6/tools/compiler/ti-cgt-arm_5.2.6/lib/</path>
         <kind>archive</kind>
         <file>rtsv7M4_T_le_v4SPD16_eabi.lib</file>
         <name>boot.obj</name>
      </input_file>
      <input_file id="fl-12b">
         <path>/home/cheeto/programs/ti/ccsv6/tools/compiler/ti-cgt-arm_5.2.6/lib/</path>
         <kind>archive</kind>
         <file>rtsv7M4_T_le_v4SPD16_eabi.lib</file>
         <name>copy_decompress_none.obj</name>
      </input_file>
      <input_file id="fl-12c">
         <path>/home/cheeto/programs/ti/ccsv6/tools/compiler/ti-cgt-arm_5.2.6/lib/</path>
         <kind>archive</kind>
         <file>rtsv7M4_T_le_v4SPD16_eabi.lib</file>
         <name>copy_decompress_rle.obj</name>
      </input_file>
      <input_file id="fl-12d">
         <path>/home/cheeto/programs/ti/ccsv6/tools/compiler/ti-cgt-arm_5.2.6/lib/</path>
         <kind>archive</kind>
         <file>rtsv7M4_T_le_v4SPD16_eabi.lib</file>
         <name>copy_zero_init.obj</name>
      </input_file>
      <input_file id="fl-12e">
         <path>/home/cheeto/programs/ti/ccsv6/tools/compiler/ti-cgt-arm_5.2.6/lib/</path>
         <kind>archive</kind>
         <file>rtsv7M4_T_le_v4SPD16_eabi.lib</file>
         <name>exit.obj</name>
      </input_file>
      <input_file id="fl-12f">
         <path>/home/cheeto/programs/ti/ccsv6/tools/compiler/ti-cgt-arm_5.2.6/lib/</path>
         <kind>archive</kind>
         <file>rtsv7M4_T_le_v4SPD16_eabi.lib</file>
         <name>memcpy_t2.obj</name>
      </input_file>
      <input_file id="fl-130">
         <path>/home/cheeto/programs/ti/ccsv6/tools/compiler/ti-cgt-arm_5.2.6/lib/</path>
         <kind>archive</kind>
         <file>rtsv7M4_T_le_v4SPD16_eabi.lib</file>
         <name>memset_t2.obj</name>
      </input_file>
      <input_file id="fl-131">
         <path>/home/cheeto/programs/ti/ccsv6/tools/compiler/ti-cgt-arm_5.2.6/lib/</path>
         <kind>archive</kind>
         <file>rtsv7M4_T_le_v4SPD16_eabi.lib</file>
         <name>pre_init.obj</name>
      </input_file>
      <input_file id="fl-132">
         <path>/home/cheeto/programs/ti/ccsv6/tools/compiler/ti-cgt-arm_5.2.6/lib/</path>
         <kind>archive</kind>
         <file>rtsv7M4_T_le_v4SPD16_eabi.lib</file>
         <name>stkdepth_vars.obj</name>
      </input_file>
      <input_file id="fl-133">
         <path>/home/cheeto/programs/ti/ccsv6/tools/compiler/ti-cgt-arm_5.2.6/lib/</path>
         <kind>archive</kind>
         <file>rtsv7M4_T_le_v4SPD16_eabi.lib</file>
         <name>_lock.obj</name>
      </input_file>
      <input_file id="fl-134">
         <path>/home/cheeto/programs/ti/ccsv6/tools/compiler/ti-cgt-arm_5.2.6/lib/</path>
         <kind>archive</kind>
         <file>rtsv7M4_T_le_v4SPD16_eabi.lib</file>
         <name>args_main.obj</name>
      </input_file>
      <input_file id="fl-135">
         <path>/home/cheeto/programs/ti/ccsv6/tools/compiler/ti-cgt-arm_5.2.6/lib/</path>
         <kind>archive</kind>
         <file>rtsv7M4_T_le_v4SPD16_eabi.lib</file>
         <name>autoinit.obj</name>
      </input_file>
      <input_file id="fl-136">
         <path>/home/cheeto/programs/ti/ccsv6/tools/compiler/ti-cgt-arm_5.2.6/lib/</path>
         <kind>archive</kind>
         <file>rtsv7M4_T_le_v4SPD16_eabi.lib</file>
         <name>cpy_tbl.obj</name>
      </input_file>
   </input_file_list>
   <object_component_list>
      <object_component id="oc-27">
         <name>.intvecs:retain</name>
         <load_address>0x0</load_address>
         <run_address>0x0</run_address>
         <size>0x140</size>
         <input_file_ref idref="fl-3"/>
      </object_component>
      <object_component id="oc-2b">
         <name>.text</name>
         <load_address>0x140</load_address>
         <run_address>0x140</run_address>
         <size>0x9c</size>
         <input_file_ref idref="fl-12f"/>
      </object_component>
      <object_component id="oc-44">
         <name>.text</name>
         <load_address>0x1dc</load_address>
         <run_address>0x1dc</run_address>
         <size>0x7a</size>
         <input_file_ref idref="fl-130"/>
      </object_component>
      <object_component id="oc-56">
         <name>.text</name>
         <load_address>0x258</load_address>
         <run_address>0x258</run_address>
         <size>0x6c</size>
         <input_file_ref idref="fl-135"/>
      </object_component>
      <object_component id="oc-37">
         <name>.text</name>
         <load_address>0x2c4</load_address>
         <run_address>0x2c4</run_address>
         <size>0x6a</size>
         <input_file_ref idref="fl-12c"/>
      </object_component>
      <object_component id="oc-22">
         <name>.text</name>
         <load_address>0x330</load_address>
         <run_address>0x330</run_address>
         <size>0x50</size>
         <input_file_ref idref="fl-12a"/>
      </object_component>
      <object_component id="oc-8e">
         <name>.text</name>
         <load_address>0x380</load_address>
         <run_address>0x380</run_address>
         <size>0x4c</size>
         <input_file_ref idref="fl-136"/>
      </object_component>
      <object_component id="oc-96">
         <name>.text</name>
         <load_address>0x3cc</load_address>
         <run_address>0x3cc</run_address>
         <size>0x44</size>
         <input_file_ref idref="fl-2"/>
      </object_component>
      <object_component id="oc-62">
         <name>.text</name>
         <load_address>0x410</load_address>
         <run_address>0x410</run_address>
         <size>0x44</size>
         <input_file_ref idref="fl-12e"/>
      </object_component>
      <object_component id="oc-5c">
         <name>.text</name>
         <load_address>0x454</load_address>
         <run_address>0x454</run_address>
         <size>0x18</size>
         <input_file_ref idref="fl-134"/>
      </object_component>
      <object_component id="oc-c8">
         <name>.text</name>
         <load_address>0x46c</load_address>
         <run_address>0x46c</run_address>
         <size>0x14</size>
         <input_file_ref idref="fl-133"/>
      </object_component>
      <object_component id="oc-ba">
         <name>.text</name>
         <load_address>0x480</load_address>
         <run_address>0x480</run_address>
         <size>0x12</size>
         <input_file_ref idref="fl-4"/>
      </object_component>
      <object_component id="oc-10">
         <name>.text:decompress:none</name>
         <load_address>0x492</load_address>
         <run_address>0x492</run_address>
         <size>0xe</size>
         <input_file_ref idref="fl-12b"/>
      </object_component>
      <object_component id="oc-6c">
         <name>.text</name>
         <load_address>0x4a0</load_address>
         <run_address>0x4a0</run_address>
         <size>0xc</size>
         <input_file_ref idref="fl-3"/>
      </object_component>
      <object_component id="oc-16">
         <name>.text:decompress:rle24</name>
         <load_address>0x4ac</load_address>
         <run_address>0x4ac</run_address>
         <size>0x6</size>
         <input_file_ref idref="fl-12c"/>
      </object_component>
      <object_component id="oc-50">
         <name>.text</name>
         <load_address>0x4b2</load_address>
         <run_address>0x4b2</run_address>
         <size>0x4</size>
         <input_file_ref idref="fl-131"/>
      </object_component>
      <object_component id="oc-111">
         <name>.cinit..data.load</name>
         <load_address>0x4b8</load_address>
         <run_address>0x4b8</run_address>
         <size>0xf</size>
      </object_component>
      <object_component id="oc-10f">
         <name>__TI_handler_table</name>
         <load_address>0x4c8</load_address>
         <run_address>0x4c8</run_address>
         <size>0x8</size>
      </object_component>
      <object_component id="oc-110">
         <name>__TI_cinit_table</name>
         <load_address>0x4d0</load_address>
         <run_address>0x4d0</run_address>
         <size>0x8</size>
      </object_component>
      <object_component id="oc-2a">
         <name>.stack</name>
         <uninitialized>true</uninitialized>
         <run_address>0x2000fe00</run_address>
         <size>0x0</size>
         <input_file_ref idref="fl-12a"/>
      </object_component>
      <object_component id="oc-112">
         <name>.stack</name>
         <uninitialized>true</uninitialized>
         <run_address>0x2000fe00</run_address>
         <size>0x0</size>
      </object_component>
      <object_component id="oc-a1">
         <name>.data</name>
         <load_address>0x20000008</load_address>
         <run_address>0x20000008</run_address>
         <size>0x8</size>
         <input_file_ref idref="fl-12e"/>
      </object_component>
      <object_component id="oc-68">
         <name>.data</name>
         <load_address>0x20000010</load_address>
         <run_address>0x20000010</run_address>
         <size>0x4</size>
         <input_file_ref idref="fl-132"/>
      </object_component>
      <object_component id="oc-9e">
         <name>.data</name>
         <load_address>0x20000000</load_address>
         <run_address>0x20000000</run_address>
         <size>0x8</size>
         <input_file_ref idref="fl-133"/>
      </object_component>
      <object_component id="oc-c0">
         <name>.debug_info</name>
         <load_address>0x0</load_address>
         <run_address>0x0</run_address>
         <size>0x302</size>
         <input_file_ref idref="fl-2"/>
      </object_component>
      <object_component id="oc-97">
         <name>.debug_info</name>
         <load_address>0x302</load_address>
         <run_address>0x302</run_address>
         <size>0x153</size>
         <input_file_ref idref="fl-2"/>
      </object_component>
      <object_component id="oc-e0">
         <name>.debug_info</name>
         <load_address>0x455</load_address>
         <run_address>0x455</run_address>
         <size>0x103e</size>
         <input_file_ref idref="fl-2"/>
      </object_component>
      <object_component id="oc-7d">
         <name>.debug_info</name>
         <load_address>0x1493</load_address>
         <run_address>0x1493</run_address>
         <size>0x84</size>
         <input_file_ref idref="fl-2"/>
      </object_component>
      <object_component id="oc-e5">
         <name>.debug_info</name>
         <load_address>0x1517</load_address>
         <run_address>0x1517</run_address>
         <size>0x18b</size>
         <input_file_ref idref="fl-2"/>
      </object_component>
      <object_component id="oc-74">
         <name>.debug_info</name>
         <load_address>0x16a2</load_address>
         <run_address>0x16a2</run_address>
         <size>0xfa</size>
         <input_file_ref idref="fl-3"/>
      </object_component>
      <object_component id="oc-28">
         <name>.debug_info</name>
         <load_address>0x179c</load_address>
         <run_address>0x179c</run_address>
         <size>0xe7</size>
         <input_file_ref idref="fl-3"/>
      </object_component>
      <object_component id="oc-6d">
         <name>.debug_info</name>
         <load_address>0x1883</load_address>
         <run_address>0x1883</run_address>
         <size>0x215</size>
         <input_file_ref idref="fl-3"/>
      </object_component>
      <object_component id="oc-bb">
         <name>.debug_info</name>
         <load_address>0x1a98</load_address>
         <run_address>0x1a98</run_address>
         <size>0xd9</size>
         <input_file_ref idref="fl-4"/>
      </object_component>
      <object_component id="oc-23">
         <name>.debug_info</name>
         <load_address>0x1b71</load_address>
         <run_address>0x1b71</run_address>
         <size>0x134</size>
         <input_file_ref idref="fl-12a"/>
      </object_component>
      <object_component id="oc-36">
         <name>.debug_info</name>
         <load_address>0x1ca5</load_address>
         <run_address>0x1ca5</run_address>
         <size>0x121</size>
         <input_file_ref idref="fl-12b"/>
      </object_component>
      <object_component id="oc-11">
         <name>.debug_info</name>
         <load_address>0x1dc6</load_address>
         <run_address>0x1dc6</run_address>
         <size>0x1c0</size>
         <input_file_ref idref="fl-12b"/>
      </object_component>
      <object_component id="oc-31">
         <name>.debug_info</name>
         <load_address>0x1f86</load_address>
         <run_address>0x1f86</run_address>
         <size>0x46</size>
         <input_file_ref idref="fl-12b"/>
      </object_component>
      <object_component id="oc-76">
         <name>.debug_info</name>
         <load_address>0x1fcc</load_address>
         <run_address>0x1fcc</run_address>
         <size>0x2c</size>
         <input_file_ref idref="fl-12b"/>
      </object_component>
      <object_component id="oc-3e">
         <name>.debug_info</name>
         <load_address>0x1ff8</load_address>
         <run_address>0x1ff8</run_address>
         <size>0x115</size>
         <input_file_ref idref="fl-12c"/>
      </object_component>
      <object_component id="oc-38">
         <name>.debug_info</name>
         <load_address>0x210d</load_address>
         <run_address>0x210d</run_address>
         <size>0x228</size>
         <input_file_ref idref="fl-12c"/>
      </object_component>
      <object_component id="oc-17">
         <name>.debug_info</name>
         <load_address>0x2335</load_address>
         <run_address>0x2335</run_address>
         <size>0x192</size>
         <input_file_ref idref="fl-12c"/>
      </object_component>
      <object_component id="oc-3f">
         <name>.debug_info</name>
         <load_address>0x24c7</load_address>
         <run_address>0x24c7</run_address>
         <size>0x39</size>
         <input_file_ref idref="fl-12c"/>
      </object_component>
      <object_component id="oc-85">
         <name>.debug_info</name>
         <load_address>0x2500</load_address>
         <run_address>0x2500</run_address>
         <size>0x2c</size>
         <input_file_ref idref="fl-12c"/>
      </object_component>
      <object_component id="oc-a5">
         <name>.debug_info</name>
         <load_address>0x252c</load_address>
         <run_address>0x252c</run_address>
         <size>0x172</size>
         <input_file_ref idref="fl-12e"/>
      </object_component>
      <object_component id="oc-a2">
         <name>.debug_info</name>
         <load_address>0x269e</load_address>
         <run_address>0x269e</run_address>
         <size>0x117</size>
         <input_file_ref idref="fl-12e"/>
      </object_component>
      <object_component id="oc-63">
         <name>.debug_info</name>
         <load_address>0x27b5</load_address>
         <run_address>0x27b5</run_address>
         <size>0x1ee</size>
         <input_file_ref idref="fl-12e"/>
      </object_component>
      <object_component id="oc-2c">
         <name>.debug_info</name>
         <load_address>0x29a3</load_address>
         <run_address>0x29a3</run_address>
         <size>0xf6</size>
         <input_file_ref idref="fl-12f"/>
      </object_component>
      <object_component id="oc-45">
         <name>.debug_info</name>
         <load_address>0x2a99</load_address>
         <run_address>0x2a99</run_address>
         <size>0x124</size>
         <input_file_ref idref="fl-130"/>
      </object_component>
      <object_component id="oc-51">
         <name>.debug_info</name>
         <load_address>0x2bbd</load_address>
         <run_address>0x2bbd</run_address>
         <size>0x129</size>
         <input_file_ref idref="fl-131"/>
      </object_component>
      <object_component id="oc-69">
         <name>.debug_info</name>
         <load_address>0x2ce6</load_address>
         <run_address>0x2ce6</run_address>
         <size>0xea</size>
         <input_file_ref idref="fl-132"/>
      </object_component>
      <object_component id="oc-d0">
         <name>.debug_info</name>
         <load_address>0x2dd0</load_address>
         <run_address>0x2dd0</run_address>
         <size>0x105</size>
         <input_file_ref idref="fl-133"/>
      </object_component>
      <object_component id="oc-9f">
         <name>.debug_info</name>
         <load_address>0x2ed5</load_address>
         <run_address>0x2ed5</run_address>
         <size>0xf4</size>
         <input_file_ref idref="fl-133"/>
      </object_component>
      <object_component id="oc-c9">
         <name>.debug_info</name>
         <load_address>0x2fc9</load_address>
         <run_address>0x2fc9</run_address>
         <size>0x200</size>
         <input_file_ref idref="fl-133"/>
      </object_component>
      <object_component id="oc-9d">
         <name>.debug_info</name>
         <load_address>0x31c9</load_address>
         <run_address>0x31c9</run_address>
         <size>0x147</size>
         <input_file_ref idref="fl-134"/>
      </object_component>
      <object_component id="oc-5d">
         <name>.debug_info</name>
         <load_address>0x3310</load_address>
         <run_address>0x3310</run_address>
         <size>0x148</size>
         <input_file_ref idref="fl-134"/>
      </object_component>
      <object_component id="oc-c3">
         <name>.debug_info</name>
         <load_address>0x3458</load_address>
         <run_address>0x3458</run_address>
         <size>0x5e</size>
         <input_file_ref idref="fl-134"/>
      </object_component>
      <object_component id="oc-95">
         <name>.debug_info</name>
         <load_address>0x34b6</load_address>
         <run_address>0x34b6</run_address>
         <size>0x29e</size>
         <input_file_ref idref="fl-135"/>
      </object_component>
      <object_component id="oc-57">
         <name>.debug_info</name>
         <load_address>0x3754</load_address>
         <run_address>0x3754</run_address>
         <size>0x158</size>
         <input_file_ref idref="fl-135"/>
      </object_component>
      <object_component id="oc-b0">
         <name>.debug_info</name>
         <load_address>0x38ac</load_address>
         <run_address>0x38ac</run_address>
         <size>0x39</size>
         <input_file_ref idref="fl-135"/>
      </object_component>
      <object_component id="oc-b5">
         <name>.debug_info</name>
         <load_address>0x38e5</load_address>
         <run_address>0x38e5</run_address>
         <size>0xcd</size>
         <input_file_ref idref="fl-135"/>
      </object_component>
      <object_component id="oc-ad">
         <name>.debug_info</name>
         <load_address>0x39b2</load_address>
         <run_address>0x39b2</run_address>
         <size>0x1c1</size>
         <input_file_ref idref="fl-136"/>
      </object_component>
      <object_component id="oc-8f">
         <name>.debug_info</name>
         <load_address>0x3b73</load_address>
         <run_address>0x3b73</run_address>
         <size>0x164</size>
         <input_file_ref idref="fl-136"/>
      </object_component>
      <object_component id="oc-d8">
         <name>.debug_info</name>
         <load_address>0x3cd7</load_address>
         <run_address>0x3cd7</run_address>
         <size>0x2c</size>
         <input_file_ref idref="fl-136"/>
      </object_component>
      <object_component id="oc-113">
         <name>.debug_info</name>
         <load_address>0x3d03</load_address>
         <run_address>0x3d03</run_address>
         <size>0x9f</size>
      </object_component>
      <object_component id="oc-df">
         <name>.debug_line</name>
         <load_address>0x0</load_address>
         <run_address>0x0</run_address>
         <size>0x2e</size>
         <input_file_ref idref="fl-2"/>
      </object_component>
      <object_component id="oc-9a">
         <name>.debug_line</name>
         <load_address>0x2e</load_address>
         <run_address>0x2e</run_address>
         <size>0x6c</size>
         <input_file_ref idref="fl-2"/>
      </object_component>
      <object_component id="oc-e3">
         <name>.debug_line</name>
         <load_address>0x9a</load_address>
         <run_address>0x9a</run_address>
         <size>0x68</size>
         <input_file_ref idref="fl-2"/>
      </object_component>
      <object_component id="oc-80">
         <name>.debug_line</name>
         <load_address>0x102</load_address>
         <run_address>0x102</run_address>
         <size>0x20</size>
         <input_file_ref idref="fl-2"/>
      </object_component>
      <object_component id="oc-e8">
         <name>.debug_line</name>
         <load_address>0x122</load_address>
         <run_address>0x122</run_address>
         <size>0x73</size>
         <input_file_ref idref="fl-2"/>
      </object_component>
      <object_component id="oc-ab">
         <name>.debug_line</name>
         <load_address>0x195</load_address>
         <run_address>0x195</run_address>
         <size>0x3b</size>
         <input_file_ref idref="fl-3"/>
      </object_component>
      <object_component id="oc-73">
         <name>.debug_line</name>
         <load_address>0x1d0</load_address>
         <run_address>0x1d0</run_address>
         <size>0x3b</size>
         <input_file_ref idref="fl-3"/>
      </object_component>
      <object_component id="oc-70">
         <name>.debug_line</name>
         <load_address>0x20b</load_address>
         <run_address>0x20b</run_address>
         <size>0x9b</size>
         <input_file_ref idref="fl-3"/>
      </object_component>
      <object_component id="oc-be">
         <name>.debug_line</name>
         <load_address>0x2a6</load_address>
         <run_address>0x2a6</run_address>
         <size>0x41</size>
         <input_file_ref idref="fl-4"/>
      </object_component>
      <object_component id="oc-26">
         <name>.debug_line</name>
         <load_address>0x2e7</load_address>
         <run_address>0x2e7</run_address>
         <size>0x52</size>
         <input_file_ref idref="fl-12a"/>
      </object_component>
      <object_component id="oc-7c">
         <name>.debug_line</name>
         <load_address>0x339</load_address>
         <run_address>0x339</run_address>
         <size>0x80</size>
         <input_file_ref idref="fl-12b"/>
      </object_component>
      <object_component id="oc-14">
         <name>.debug_line</name>
         <load_address>0x3b9</load_address>
         <run_address>0x3b9</run_address>
         <size>0x55</size>
         <input_file_ref idref="fl-12b"/>
      </object_component>
      <object_component id="oc-34">
         <name>.debug_line</name>
         <load_address>0x40e</load_address>
         <run_address>0x40e</run_address>
         <size>0x3a</size>
         <input_file_ref idref="fl-12b"/>
      </object_component>
      <object_component id="oc-79">
         <name>.debug_line</name>
         <load_address>0x448</load_address>
         <run_address>0x448</run_address>
         <size>0x80</size>
         <input_file_ref idref="fl-12b"/>
      </object_component>
      <object_component id="oc-84">
         <name>.debug_line</name>
         <load_address>0x4c8</load_address>
         <run_address>0x4c8</run_address>
         <size>0x80</size>
         <input_file_ref idref="fl-12c"/>
      </object_component>
      <object_component id="oc-3b">
         <name>.debug_line</name>
         <load_address>0x548</load_address>
         <run_address>0x548</run_address>
         <size>0x98</size>
         <input_file_ref idref="fl-12c"/>
      </object_component>
      <object_component id="oc-1a">
         <name>.debug_line</name>
         <load_address>0x5e0</load_address>
         <run_address>0x5e0</run_address>
         <size>0x4b</size>
         <input_file_ref idref="fl-12c"/>
      </object_component>
      <object_component id="oc-42">
         <name>.debug_line</name>
         <load_address>0x62b</load_address>
         <run_address>0x62b</run_address>
         <size>0x39</size>
         <input_file_ref idref="fl-12c"/>
      </object_component>
      <object_component id="oc-88">
         <name>.debug_line</name>
         <load_address>0x664</load_address>
         <run_address>0x664</run_address>
         <size>0x80</size>
         <input_file_ref idref="fl-12c"/>
      </object_component>
      <object_component id="oc-d5">
         <name>.debug_line</name>
         <load_address>0x6e4</load_address>
         <run_address>0x6e4</run_address>
         <size>0x7f</size>
         <input_file_ref idref="fl-12e"/>
      </object_component>
      <object_component id="oc-d3">
         <name>.debug_line</name>
         <load_address>0x763</load_address>
         <run_address>0x763</run_address>
         <size>0x2a</size>
         <input_file_ref idref="fl-12e"/>
      </object_component>
      <object_component id="oc-66">
         <name>.debug_line</name>
         <load_address>0x78d</load_address>
         <run_address>0x78d</run_address>
         <size>0x7a</size>
         <input_file_ref idref="fl-12e"/>
      </object_component>
      <object_component id="oc-2f">
         <name>.debug_line</name>
         <load_address>0x807</load_address>
         <run_address>0x807</run_address>
         <size>0x88</size>
         <input_file_ref idref="fl-12f"/>
      </object_component>
      <object_component id="oc-48">
         <name>.debug_line</name>
         <load_address>0x88f</load_address>
         <run_address>0x88f</run_address>
         <size>0x79</size>
         <input_file_ref idref="fl-130"/>
      </object_component>
      <object_component id="oc-54">
         <name>.debug_line</name>
         <load_address>0x908</load_address>
         <run_address>0x908</run_address>
         <size>0x40</size>
         <input_file_ref idref="fl-131"/>
      </object_component>
      <object_component id="oc-a8">
         <name>.debug_line</name>
         <load_address>0x948</load_address>
         <run_address>0x948</run_address>
         <size>0x33</size>
         <input_file_ref idref="fl-132"/>
      </object_component>
      <object_component id="oc-ec">
         <name>.debug_line</name>
         <load_address>0x97b</load_address>
         <run_address>0x97b</run_address>
         <size>0x20</size>
         <input_file_ref idref="fl-133"/>
      </object_component>
      <object_component id="oc-cf">
         <name>.debug_line</name>
         <load_address>0x99b</load_address>
         <run_address>0x99b</run_address>
         <size>0x2b</size>
         <input_file_ref idref="fl-133"/>
      </object_component>
      <object_component id="oc-cc">
         <name>.debug_line</name>
         <load_address>0x9c6</load_address>
         <run_address>0x9c6</run_address>
         <size>0x68</size>
         <input_file_ref idref="fl-133"/>
      </object_component>
      <object_component id="oc-c2">
         <name>.debug_line</name>
         <load_address>0xa2e</load_address>
         <run_address>0xa2e</run_address>
         <size>0x2b</size>
         <input_file_ref idref="fl-134"/>
      </object_component>
      <object_component id="oc-60">
         <name>.debug_line</name>
         <load_address>0xa59</load_address>
         <run_address>0xa59</run_address>
         <size>0x50</size>
         <input_file_ref idref="fl-134"/>
      </object_component>
      <object_component id="oc-c6">
         <name>.debug_line</name>
         <load_address>0xaa9</load_address>
         <run_address>0xaa9</run_address>
         <size>0x2b</size>
         <input_file_ref idref="fl-134"/>
      </object_component>
      <object_component id="oc-af">
         <name>.debug_line</name>
         <load_address>0xad4</load_address>
         <run_address>0xad4</run_address>
         <size>0x8f</size>
         <input_file_ref idref="fl-135"/>
      </object_component>
      <object_component id="oc-5a">
         <name>.debug_line</name>
         <load_address>0xb63</load_address>
         <run_address>0xb63</run_address>
         <size>0x79</size>
         <input_file_ref idref="fl-135"/>
      </object_component>
      <object_component id="oc-b3">
         <name>.debug_line</name>
         <load_address>0xbdc</load_address>
         <run_address>0xbdc</run_address>
         <size>0x2e</size>
         <input_file_ref idref="fl-135"/>
      </object_component>
      <object_component id="oc-b8">
         <name>.debug_line</name>
         <load_address>0xc0a</load_address>
         <run_address>0xc0a</run_address>
         <size>0x81</size>
         <input_file_ref idref="fl-135"/>
      </object_component>
      <object_component id="oc-d7">
         <name>.debug_line</name>
         <load_address>0xc8b</load_address>
         <run_address>0xc8b</run_address>
         <size>0x8e</size>
         <input_file_ref idref="fl-136"/>
      </object_component>
      <object_component id="oc-92">
         <name>.debug_line</name>
         <load_address>0xd19</load_address>
         <run_address>0xd19</run_address>
         <size>0x68</size>
         <input_file_ref idref="fl-136"/>
      </object_component>
      <object_component id="oc-db">
         <name>.debug_line</name>
         <load_address>0xd81</load_address>
         <run_address>0xd81</run_address>
         <size>0x2e</size>
         <input_file_ref idref="fl-136"/>
      </object_component>
      <object_component id="oc-9b">
         <name>.debug_frame</name>
         <load_address>0x0</load_address>
         <run_address>0x0</run_address>
         <size>0x9d</size>
         <input_file_ref idref="fl-2"/>
      </object_component>
      <object_component id="oc-71">
         <name>.debug_frame</name>
         <load_address>0x9d</load_address>
         <run_address>0x9d</run_address>
         <size>0xb2</size>
         <input_file_ref idref="fl-3"/>
      </object_component>
      <object_component id="oc-15">
         <name>.debug_frame</name>
         <load_address>0x14f</load_address>
         <run_address>0x14f</run_address>
         <size>0x7f</size>
         <input_file_ref idref="fl-12b"/>
      </object_component>
      <object_component id="oc-3c">
         <name>.debug_frame</name>
         <load_address>0x1ce</load_address>
         <run_address>0x1ce</run_address>
         <size>0x8e</size>
         <input_file_ref idref="fl-12c"/>
      </object_component>
      <object_component id="oc-1b">
         <name>.debug_frame</name>
         <load_address>0x25c</load_address>
         <run_address>0x25c</run_address>
         <size>0x7f</size>
         <input_file_ref idref="fl-12c"/>
      </object_component>
      <object_component id="oc-67">
         <name>.debug_frame</name>
         <load_address>0x2db</load_address>
         <run_address>0x2db</run_address>
         <size>0xb3</size>
         <input_file_ref idref="fl-12e"/>
      </object_component>
      <object_component id="oc-55">
         <name>.debug_frame</name>
         <load_address>0x38e</load_address>
         <run_address>0x38e</run_address>
         <size>0x7f</size>
         <input_file_ref idref="fl-131"/>
      </object_component>
      <object_component id="oc-cd">
         <name>.debug_frame</name>
         <load_address>0x40d</load_address>
         <run_address>0x40d</run_address>
         <size>0xa1</size>
         <input_file_ref idref="fl-133"/>
      </object_component>
      <object_component id="oc-61">
         <name>.debug_frame</name>
         <load_address>0x4ae</load_address>
         <run_address>0x4ae</run_address>
         <size>0x7f</size>
         <input_file_ref idref="fl-134"/>
      </object_component>
      <object_component id="oc-5b">
         <name>.debug_frame</name>
         <load_address>0x52d</load_address>
         <run_address>0x52d</run_address>
         <size>0x8a</size>
         <input_file_ref idref="fl-135"/>
      </object_component>
      <object_component id="oc-93">
         <name>.debug_frame</name>
         <load_address>0x5b7</load_address>
         <run_address>0x5b7</run_address>
         <size>0x8e</size>
         <input_file_ref idref="fl-136"/>
      </object_component>
      <object_component id="oc-de">
         <name>.debug_abbrev</name>
         <load_address>0x0</load_address>
         <run_address>0x0</run_address>
         <size>0x7c</size>
         <input_file_ref idref="fl-2"/>
      </object_component>
      <object_component id="oc-bf">
         <name>.debug_abbrev</name>
         <load_address>0x7c</load_address>
         <run_address>0x7c</run_address>
         <size>0x6c</size>
         <input_file_ref idref="fl-2"/>
      </object_component>
      <object_component id="oc-e2">
         <name>.debug_abbrev</name>
         <load_address>0xe8</load_address>
         <run_address>0xe8</run_address>
         <size>0x97</size>
         <input_file_ref idref="fl-2"/>
      </object_component>
      <object_component id="oc-7f">
         <name>.debug_abbrev</name>
         <load_address>0x17f</load_address>
         <run_address>0x17f</run_address>
         <size>0x1f</size>
         <input_file_ref idref="fl-2"/>
      </object_component>
      <object_component id="oc-e7">
         <name>.debug_abbrev</name>
         <load_address>0x19e</load_address>
         <run_address>0x19e</run_address>
         <size>0x35</size>
         <input_file_ref idref="fl-2"/>
      </object_component>
      <object_component id="oc-aa">
         <name>.debug_abbrev</name>
         <load_address>0x1d3</load_address>
         <run_address>0x1d3</run_address>
         <size>0x5d</size>
         <input_file_ref idref="fl-3"/>
      </object_component>
      <object_component id="oc-72">
         <name>.debug_abbrev</name>
         <load_address>0x230</load_address>
         <run_address>0x230</run_address>
         <size>0x29</size>
         <input_file_ref idref="fl-3"/>
      </object_component>
      <object_component id="oc-a9">
         <name>.debug_abbrev</name>
         <load_address>0x259</load_address>
         <run_address>0x259</run_address>
         <size>0x77</size>
         <input_file_ref idref="fl-3"/>
      </object_component>
      <object_component id="oc-dd">
         <name>.debug_abbrev</name>
         <load_address>0x2d0</load_address>
         <run_address>0x2d0</run_address>
         <size>0x3b</size>
         <input_file_ref idref="fl-4"/>
      </object_component>
      <object_component id="oc-6b">
         <name>.debug_abbrev</name>
         <load_address>0x30b</load_address>
         <run_address>0x30b</run_address>
         <size>0x3e</size>
         <input_file_ref idref="fl-12a"/>
      </object_component>
      <object_component id="oc-7b">
         <name>.debug_abbrev</name>
         <load_address>0x349</load_address>
         <run_address>0x349</run_address>
         <size>0x52</size>
         <input_file_ref idref="fl-12b"/>
      </object_component>
      <object_component id="oc-30">
         <name>.debug_abbrev</name>
         <load_address>0x39b</load_address>
         <run_address>0x39b</run_address>
         <size>0x74</size>
         <input_file_ref idref="fl-12b"/>
      </object_component>
      <object_component id="oc-33">
         <name>.debug_abbrev</name>
         <load_address>0x40f</load_address>
         <run_address>0x40f</run_address>
         <size>0x24</size>
         <input_file_ref idref="fl-12b"/>
      </object_component>
      <object_component id="oc-78">
         <name>.debug_abbrev</name>
         <load_address>0x433</load_address>
         <run_address>0x433</run_address>
         <size>0x24</size>
         <input_file_ref idref="fl-12b"/>
      </object_component>
      <object_component id="oc-83">
         <name>.debug_abbrev</name>
         <load_address>0x457</load_address>
         <run_address>0x457</run_address>
         <size>0x52</size>
         <input_file_ref idref="fl-12c"/>
      </object_component>
      <object_component id="oc-82">
         <name>.debug_abbrev</name>
         <load_address>0x4a9</load_address>
         <run_address>0x4a9</run_address>
         <size>0x7b</size>
         <input_file_ref idref="fl-12c"/>
      </object_component>
      <object_component id="oc-3d">
         <name>.debug_abbrev</name>
         <load_address>0x524</load_address>
         <run_address>0x524</run_address>
         <size>0x66</size>
         <input_file_ref idref="fl-12c"/>
      </object_component>
      <object_component id="oc-41">
         <name>.debug_abbrev</name>
         <load_address>0x58a</load_address>
         <run_address>0x58a</run_address>
         <size>0x24</size>
         <input_file_ref idref="fl-12c"/>
      </object_component>
      <object_component id="oc-87">
         <name>.debug_abbrev</name>
         <load_address>0x5ae</load_address>
         <run_address>0x5ae</run_address>
         <size>0x24</size>
         <input_file_ref idref="fl-12c"/>
      </object_component>
      <object_component id="oc-d4">
         <name>.debug_abbrev</name>
         <load_address>0x5d2</load_address>
         <run_address>0x5d2</run_address>
         <size>0x6b</size>
         <input_file_ref idref="fl-12e"/>
      </object_component>
      <object_component id="oc-d2">
         <name>.debug_abbrev</name>
         <load_address>0x63d</load_address>
         <run_address>0x63d</run_address>
         <size>0x29</size>
         <input_file_ref idref="fl-12e"/>
      </object_component>
      <object_component id="oc-a4">
         <name>.debug_abbrev</name>
         <load_address>0x666</load_address>
         <run_address>0x666</run_address>
         <size>0xba</size>
         <input_file_ref idref="fl-12e"/>
      </object_component>
      <object_component id="oc-75">
         <name>.debug_abbrev</name>
         <load_address>0x720</load_address>
         <run_address>0x720</run_address>
         <size>0x3e</size>
         <input_file_ref idref="fl-12f"/>
      </object_component>
      <object_component id="oc-8a">
         <name>.debug_abbrev</name>
         <load_address>0x75e</load_address>
         <run_address>0x75e</run_address>
         <size>0x4f</size>
         <input_file_ref idref="fl-130"/>
      </object_component>
      <object_component id="oc-8d">
         <name>.debug_abbrev</name>
         <load_address>0x7ad</load_address>
         <run_address>0x7ad</run_address>
         <size>0x55</size>
         <input_file_ref idref="fl-131"/>
      </object_component>
      <object_component id="oc-a7">
         <name>.debug_abbrev</name>
         <load_address>0x802</load_address>
         <run_address>0x802</run_address>
         <size>0x27</size>
         <input_file_ref idref="fl-132"/>
      </object_component>
      <object_component id="oc-eb">
         <name>.debug_abbrev</name>
         <load_address>0x829</load_address>
         <run_address>0x829</run_address>
         <size>0x45</size>
         <input_file_ref idref="fl-133"/>
      </object_component>
      <object_component id="oc-ce">
         <name>.debug_abbrev</name>
         <load_address>0x86e</load_address>
         <run_address>0x86e</run_address>
         <size>0x29</size>
         <input_file_ref idref="fl-133"/>
      </object_component>
      <object_component id="oc-ea">
         <name>.debug_abbrev</name>
         <load_address>0x897</load_address>
         <run_address>0x897</run_address>
         <size>0x6f</size>
         <input_file_ref idref="fl-133"/>
      </object_component>
      <object_component id="oc-c1">
         <name>.debug_abbrev</name>
         <load_address>0x906</load_address>
         <run_address>0x906</run_address>
         <size>0x8e</size>
         <input_file_ref idref="fl-134"/>
      </object_component>
      <object_component id="oc-9c">
         <name>.debug_abbrev</name>
         <load_address>0x994</load_address>
         <run_address>0x994</run_address>
         <size>0x68</size>
         <input_file_ref idref="fl-134"/>
      </object_component>
      <object_component id="oc-c5">
         <name>.debug_abbrev</name>
         <load_address>0x9fc</load_address>
         <run_address>0x9fc</run_address>
         <size>0x49</size>
         <input_file_ref idref="fl-134"/>
      </object_component>
      <object_component id="oc-ae">
         <name>.debug_abbrev</name>
         <load_address>0xa45</load_address>
         <run_address>0xa45</run_address>
         <size>0x9a</size>
         <input_file_ref idref="fl-135"/>
      </object_component>
      <object_component id="oc-94">
         <name>.debug_abbrev</name>
         <load_address>0xadf</load_address>
         <run_address>0xadf</run_address>
         <size>0x7e</size>
         <input_file_ref idref="fl-135"/>
      </object_component>
      <object_component id="oc-b2">
         <name>.debug_abbrev</name>
         <load_address>0xb5d</load_address>
         <run_address>0xb5d</run_address>
         <size>0x24</size>
         <input_file_ref idref="fl-135"/>
      </object_component>
      <object_component id="oc-b7">
         <name>.debug_abbrev</name>
         <load_address>0xb81</load_address>
         <run_address>0xb81</run_address>
         <size>0x4b</size>
         <input_file_ref idref="fl-135"/>
      </object_component>
      <object_component id="oc-d6">
         <name>.debug_abbrev</name>
         <load_address>0xbcc</load_address>
         <run_address>0xbcc</run_address>
         <size>0x9c</size>
         <input_file_ref idref="fl-136"/>
      </object_component>
      <object_component id="oc-ac">
         <name>.debug_abbrev</name>
         <load_address>0xc68</load_address>
         <run_address>0xc68</run_address>
         <size>0x8c</size>
         <input_file_ref idref="fl-136"/>
      </object_component>
      <object_component id="oc-da">
         <name>.debug_abbrev</name>
         <load_address>0xcf4</load_address>
         <run_address>0xcf4</run_address>
         <size>0x24</size>
         <input_file_ref idref="fl-136"/>
      </object_component>
      <object_component id="oc-114">
         <name>.debug_abbrev</name>
         <load_address>0xd18</load_address>
         <run_address>0xd18</run_address>
         <size>0xf</size>
      </object_component>
      <object_component id="oc-e4">
         <name>.debug_str</name>
         <load_address>0x0</load_address>
         <run_address>0x0</run_address>
         <size>0x47c</size>
         <input_file_ref idref="fl-2"/>
      </object_component>
      <object_component id="oc-81">
         <name>.debug_str</name>
         <load_address>0x47c</load_address>
         <run_address>0x47c</run_address>
         <size>0xf7</size>
         <input_file_ref idref="fl-2"/>
      </object_component>
      <object_component id="oc-e9">
         <name>.debug_str</name>
         <load_address>0x573</load_address>
         <run_address>0x573</run_address>
         <size>0x220</size>
         <input_file_ref idref="fl-2"/>
      </object_component>
      <object_component id="oc-35">
         <name>.debug_str</name>
         <load_address>0x793</load_address>
         <run_address>0x793</run_address>
         <size>0xe1</size>
         <input_file_ref idref="fl-12b"/>
      </object_component>
      <object_component id="oc-7a">
         <name>.debug_str</name>
         <load_address>0x874</load_address>
         <run_address>0x874</run_address>
         <size>0x104</size>
         <input_file_ref idref="fl-12b"/>
      </object_component>
      <object_component id="oc-43">
         <name>.debug_str</name>
         <load_address>0x978</load_address>
         <run_address>0x978</run_address>
         <size>0xd3</size>
         <input_file_ref idref="fl-12c"/>
      </object_component>
      <object_component id="oc-89">
         <name>.debug_str</name>
         <load_address>0xa4b</load_address>
         <run_address>0xa4b</run_address>
         <size>0x104</size>
         <input_file_ref idref="fl-12c"/>
      </object_component>
      <object_component id="oc-c7">
         <name>.debug_str</name>
         <load_address>0xb4f</load_address>
         <run_address>0xb4f</run_address>
         <size>0xb7</size>
         <input_file_ref idref="fl-134"/>
      </object_component>
      <object_component id="oc-b4">
         <name>.debug_str</name>
         <load_address>0xc06</load_address>
         <run_address>0xc06</run_address>
         <size>0xc3</size>
         <input_file_ref idref="fl-135"/>
      </object_component>
      <object_component id="oc-b9">
         <name>.debug_str</name>
         <load_address>0xcc9</load_address>
         <run_address>0xcc9</run_address>
         <size>0x15b</size>
         <input_file_ref idref="fl-135"/>
      </object_component>
      <object_component id="oc-dc">
         <name>.debug_str</name>
         <load_address>0xe24</load_address>
         <run_address>0xe24</run_address>
         <size>0xb8</size>
         <input_file_ref idref="fl-136"/>
      </object_component>
      <object_component id="oc-98">
         <name>.debug_aranges</name>
         <load_address>0x0</load_address>
         <run_address>0x0</run_address>
         <size>0x28</size>
         <input_file_ref idref="fl-2"/>
      </object_component>
      <object_component id="oc-6e">
         <name>.debug_aranges</name>
         <load_address>0x28</load_address>
         <run_address>0x28</run_address>
         <size>0x38</size>
         <input_file_ref idref="fl-3"/>
      </object_component>
      <object_component id="oc-bc">
         <name>.debug_aranges</name>
         <load_address>0x60</load_address>
         <run_address>0x60</run_address>
         <size>0x20</size>
         <input_file_ref idref="fl-4"/>
      </object_component>
      <object_component id="oc-24">
         <name>.debug_aranges</name>
         <load_address>0x80</load_address>
         <run_address>0x80</run_address>
         <size>0x20</size>
         <input_file_ref idref="fl-12a"/>
      </object_component>
      <object_component id="oc-12">
         <name>.debug_aranges</name>
         <load_address>0xa0</load_address>
         <run_address>0xa0</run_address>
         <size>0x20</size>
         <input_file_ref idref="fl-12b"/>
      </object_component>
      <object_component id="oc-39">
         <name>.debug_aranges</name>
         <load_address>0xc0</load_address>
         <run_address>0xc0</run_address>
         <size>0x20</size>
         <input_file_ref idref="fl-12c"/>
      </object_component>
      <object_component id="oc-18">
         <name>.debug_aranges</name>
         <load_address>0xe0</load_address>
         <run_address>0xe0</run_address>
         <size>0x20</size>
         <input_file_ref idref="fl-12c"/>
      </object_component>
      <object_component id="oc-64">
         <name>.debug_aranges</name>
         <load_address>0x100</load_address>
         <run_address>0x100</run_address>
         <size>0x30</size>
         <input_file_ref idref="fl-12e"/>
      </object_component>
      <object_component id="oc-2d">
         <name>.debug_aranges</name>
         <load_address>0x130</load_address>
         <run_address>0x130</run_address>
         <size>0x20</size>
         <input_file_ref idref="fl-12f"/>
      </object_component>
      <object_component id="oc-46">
         <name>.debug_aranges</name>
         <load_address>0x150</load_address>
         <run_address>0x150</run_address>
         <size>0x28</size>
         <input_file_ref idref="fl-130"/>
      </object_component>
      <object_component id="oc-52">
         <name>.debug_aranges</name>
         <load_address>0x178</load_address>
         <run_address>0x178</run_address>
         <size>0x20</size>
         <input_file_ref idref="fl-131"/>
      </object_component>
      <object_component id="oc-ca">
         <name>.debug_aranges</name>
         <load_address>0x198</load_address>
         <run_address>0x198</run_address>
         <size>0x30</size>
         <input_file_ref idref="fl-133"/>
      </object_component>
      <object_component id="oc-5e">
         <name>.debug_aranges</name>
         <load_address>0x1c8</load_address>
         <run_address>0x1c8</run_address>
         <size>0x20</size>
         <input_file_ref idref="fl-134"/>
      </object_component>
      <object_component id="oc-58">
         <name>.debug_aranges</name>
         <load_address>0x1e8</load_address>
         <run_address>0x1e8</run_address>
         <size>0x20</size>
         <input_file_ref idref="fl-135"/>
      </object_component>
      <object_component id="oc-90">
         <name>.debug_aranges</name>
         <load_address>0x208</load_address>
         <run_address>0x208</run_address>
         <size>0x20</size>
         <input_file_ref idref="fl-136"/>
      </object_component>
      <object_component id="oc-99">
         <name>.debug_pubnames</name>
         <load_address>0x0</load_address>
         <run_address>0x0</run_address>
         <size>0x27</size>
         <input_file_ref idref="fl-2"/>
      </object_component>
      <object_component id="oc-29">
         <name>.debug_pubnames</name>
         <load_address>0x27</load_address>
         <run_address>0x27</run_address>
         <size>0x27</size>
         <input_file_ref idref="fl-3"/>
      </object_component>
      <object_component id="oc-6f">
         <name>.debug_pubnames</name>
         <load_address>0x4e</load_address>
         <run_address>0x4e</run_address>
         <size>0x46</size>
         <input_file_ref idref="fl-3"/>
      </object_component>
      <object_component id="oc-bd">
         <name>.debug_pubnames</name>
         <load_address>0x94</load_address>
         <run_address>0x94</run_address>
         <size>0x1e</size>
         <input_file_ref idref="fl-4"/>
      </object_component>
      <object_component id="oc-25">
         <name>.debug_pubnames</name>
         <load_address>0xb2</load_address>
         <run_address>0xb2</run_address>
         <size>0x1f</size>
         <input_file_ref idref="fl-12a"/>
      </object_component>
      <object_component id="oc-13">
         <name>.debug_pubnames</name>
         <load_address>0xd1</load_address>
         <run_address>0xd1</run_address>
         <size>0x2b</size>
         <input_file_ref idref="fl-12b"/>
      </object_component>
      <object_component id="oc-3a">
         <name>.debug_pubnames</name>
         <load_address>0xfc</load_address>
         <run_address>0xfc</run_address>
         <size>0x2f</size>
         <input_file_ref idref="fl-12c"/>
      </object_component>
      <object_component id="oc-19">
         <name>.debug_pubnames</name>
         <load_address>0x12b</load_address>
         <run_address>0x12b</run_address>
         <size>0x2c</size>
         <input_file_ref idref="fl-12c"/>
      </object_component>
      <object_component id="oc-a3">
         <name>.debug_pubnames</name>
         <load_address>0x157</load_address>
         <run_address>0x157</run_address>
         <size>0x3a</size>
         <input_file_ref idref="fl-12e"/>
      </object_component>
      <object_component id="oc-65">
         <name>.debug_pubnames</name>
         <load_address>0x191</load_address>
         <run_address>0x191</run_address>
         <size>0x35</size>
         <input_file_ref idref="fl-12e"/>
      </object_component>
      <object_component id="oc-2e">
         <name>.debug_pubnames</name>
         <load_address>0x1c6</load_address>
         <run_address>0x1c6</run_address>
         <size>0x1d</size>
         <input_file_ref idref="fl-12f"/>
      </object_component>
      <object_component id="oc-47">
         <name>.debug_pubnames</name>
         <load_address>0x1e3</load_address>
         <run_address>0x1e3</run_address>
         <size>0x37</size>
         <input_file_ref idref="fl-130"/>
      </object_component>
      <object_component id="oc-53">
         <name>.debug_pubnames</name>
         <load_address>0x21a</load_address>
         <run_address>0x21a</run_address>
         <size>0x27</size>
         <input_file_ref idref="fl-131"/>
      </object_component>
      <object_component id="oc-6a">
         <name>.debug_pubnames</name>
         <load_address>0x241</load_address>
         <run_address>0x241</run_address>
         <size>0x23</size>
         <input_file_ref idref="fl-132"/>
      </object_component>
      <object_component id="oc-a0">
         <name>.debug_pubnames</name>
         <load_address>0x264</load_address>
         <run_address>0x264</run_address>
         <size>0x28</size>
         <input_file_ref idref="fl-133"/>
      </object_component>
      <object_component id="oc-cb">
         <name>.debug_pubnames</name>
         <load_address>0x28c</load_address>
         <run_address>0x28c</run_address>
         <size>0x43</size>
         <input_file_ref idref="fl-133"/>
      </object_component>
      <object_component id="oc-5f">
         <name>.debug_pubnames</name>
         <load_address>0x2cf</load_address>
         <run_address>0x2cf</run_address>
         <size>0x21</size>
         <input_file_ref idref="fl-134"/>
      </object_component>
      <object_component id="oc-59">
         <name>.debug_pubnames</name>
         <load_address>0x2f0</load_address>
         <run_address>0x2f0</run_address>
         <size>0x25</size>
         <input_file_ref idref="fl-135"/>
      </object_component>
      <object_component id="oc-91">
         <name>.debug_pubnames</name>
         <load_address>0x315</load_address>
         <run_address>0x315</run_address>
         <size>0x1e</size>
         <input_file_ref idref="fl-136"/>
      </object_component>
      <object_component id="oc-e1">
         <name>.debug_pubtypes</name>
         <load_address>0x0</load_address>
         <run_address>0x0</run_address>
         <size>0xdd</size>
         <input_file_ref idref="fl-2"/>
      </object_component>
      <object_component id="oc-7e">
         <name>.debug_pubtypes</name>
         <load_address>0xdd</load_address>
         <run_address>0xdd</run_address>
         <size>0xed</size>
         <input_file_ref idref="fl-2"/>
      </object_component>
      <object_component id="oc-e6">
         <name>.debug_pubtypes</name>
         <load_address>0x1ca</load_address>
         <run_address>0x1ca</run_address>
         <size>0x1c6</size>
         <input_file_ref idref="fl-2"/>
      </object_component>
      <object_component id="oc-32">
         <name>.debug_pubtypes</name>
         <load_address>0x390</load_address>
         <run_address>0x390</run_address>
         <size>0x48</size>
         <input_file_ref idref="fl-12b"/>
      </object_component>
      <object_component id="oc-77">
         <name>.debug_pubtypes</name>
         <load_address>0x3d8</load_address>
         <run_address>0x3d8</run_address>
         <size>0x1d</size>
         <input_file_ref idref="fl-12b"/>
      </object_component>
      <object_component id="oc-40">
         <name>.debug_pubtypes</name>
         <load_address>0x3f5</load_address>
         <run_address>0x3f5</run_address>
         <size>0x37</size>
         <input_file_ref idref="fl-12c"/>
      </object_component>
      <object_component id="oc-86">
         <name>.debug_pubtypes</name>
         <load_address>0x42c</load_address>
         <run_address>0x42c</run_address>
         <size>0x1d</size>
         <input_file_ref idref="fl-12c"/>
      </object_component>
      <object_component id="oc-a6">
         <name>.debug_pubtypes</name>
         <load_address>0x449</load_address>
         <run_address>0x449</run_address>
         <size>0x1f</size>
         <input_file_ref idref="fl-12e"/>
      </object_component>
      <object_component id="oc-d1">
         <name>.debug_pubtypes</name>
         <load_address>0x468</load_address>
         <run_address>0x468</run_address>
         <size>0x1f</size>
         <input_file_ref idref="fl-133"/>
      </object_component>
      <object_component id="oc-c4">
         <name>.debug_pubtypes</name>
         <load_address>0x487</load_address>
         <run_address>0x487</run_address>
         <size>0x1b</size>
         <input_file_ref idref="fl-134"/>
      </object_component>
      <object_component id="oc-b1">
         <name>.debug_pubtypes</name>
         <load_address>0x4a2</load_address>
         <run_address>0x4a2</run_address>
         <size>0x32</size>
         <input_file_ref idref="fl-135"/>
      </object_component>
      <object_component id="oc-b6">
         <name>.debug_pubtypes</name>
         <load_address>0x4d4</load_address>
         <run_address>0x4d4</run_address>
         <size>0x50</size>
         <input_file_ref idref="fl-135"/>
      </object_component>
      <object_component id="oc-d9">
         <name>.debug_pubtypes</name>
         <load_address>0x524</load_address>
         <run_address>0x524</run_address>
         <size>0x23</size>
         <input_file_ref idref="fl-136"/>
      </object_component>
   </object_component_list>
   <logical_group_list>
      <logical_group id="lg-3" display="no" color="cyan">
         <name>.intvecs</name>
         <load_address>0x0</load_address>
         <run_address>0x0</run_address>
         <size>0x140</size>
         <contents>
            <object_component_ref idref="oc-27"/>
         </contents>
      </logical_group>
      <logical_group id="lg-4" display="no" color="cyan">
         <name>.text</name>
         <load_address>0x140</load_address>
         <run_address>0x140</run_address>
         <size>0x376</size>
         <contents>
            <object_component_ref idref="oc-2b"/>
            <object_component_ref idref="oc-44"/>
            <object_component_ref idref="oc-56"/>
            <object_component_ref idref="oc-37"/>
            <object_component_ref idref="oc-22"/>
            <object_component_ref idref="oc-8e"/>
            <object_component_ref idref="oc-96"/>
            <object_component_ref idref="oc-62"/>
            <object_component_ref idref="oc-5c"/>
            <object_component_ref idref="oc-c8"/>
            <object_component_ref idref="oc-ba"/>
            <object_component_ref idref="oc-10"/>
            <object_component_ref idref="oc-6c"/>
            <object_component_ref idref="oc-16"/>
            <object_component_ref idref="oc-50"/>
         </contents>
      </logical_group>
      <logical_group id="lg-5" display="no" color="cyan">
         <name>.const</name>
         <run_address>0x0</run_address>
         <size>0x0</size>
         <contents>
         </contents>
      </logical_group>
      <logical_group id="lg-6" display="no" color="cyan">
         <name>.cinit</name>
         <load_address>0x4b8</load_address>
         <run_address>0x4b8</run_address>
         <size>0x20</size>
         <contents>
            <object_component_ref idref="oc-111"/>
            <object_component_ref idref="oc-10f"/>
            <object_component_ref idref="oc-110"/>
         </contents>
      </logical_group>
      <logical_group id="lg-7" display="no" color="cyan">
         <name>.pinit</name>
         <run_address>0x0</run_address>
         <size>0x0</size>
         <contents>
         </contents>
      </logical_group>
      <logical_group id="lg-8" display="no" color="cyan">
         <name>.init_array</name>
         <run_address>0x0</run_address>
         <size>0x0</size>
         <contents>
         </contents>
      </logical_group>
      <logical_group id="lg-9" display="no" color="cyan">
         <name>.flashMailbox</name>
         <run_address>0x0</run_address>
         <size>0x0</size>
         <contents>
         </contents>
      </logical_group>
      <logical_group id="lg-a" display="no" color="cyan">
         <name>.vtable</name>
         <run_address>0x0</run_address>
         <size>0x0</size>
         <contents>
         </contents>
      </logical_group>
      <logical_group id="lg-d" display="no" color="cyan">
         <name>.sysmem</name>
         <run_address>0x0</run_address>
         <size>0x0</size>
         <contents>
         </contents>
      </logical_group>
      <logical_group id="lg-e" display="no" color="cyan">
         <name>.stack</name>
         <run_address>0x2000fe00</run_address>
         <size>0x200</size>
         <contents>
            <object_component_ref idref="oc-2a"/>
            <object_component_ref idref="oc-112"/>
         </contents>
      </logical_group>
      <logical_group id="lg-ee" display="no" color="cyan">
         <name>.TI.noinit</name>
         <run_address>0x0</run_address>
         <size>0x0</size>
         <contents>
         </contents>
      </logical_group>
      <logical_group id="lg-c" display="no" color="cyan">
         <name>.bss</name>
         <run_address>0x0</run_address>
         <size>0x0</size>
         <contents>
         </contents>
      </logical_group>
      <logical_group id="lg-ed" display="no" color="cyan">
         <name>BSS_GROUP</name>
         <run_address>0x0</run_address>
         <size>0x0</size>
         <contents>
            <logical_group_ref idref="lg-ee"/>
            <logical_group_ref idref="lg-c"/>
         </contents>
      </logical_group>
      <logical_group id="lg-f0" display="no" color="cyan">
         <name>.TI.persistent</name>
         <run_address>0x20000000</run_address>
         <size>0x0</size>
         <contents>
         </contents>
      </logical_group>
      <logical_group id="lg-b" display="no" color="cyan">
         <name>.data</name>
         <run_address>0x20000000</run_address>
         <size>0x14</size>
         <contents>
            <object_component_ref idref="oc-a1"/>
            <object_component_ref idref="oc-68"/>
            <object_component_ref idref="oc-9e"/>
         </contents>
      </logical_group>
      <logical_group id="lg-ef" display="no" color="cyan">
         <name>DATA_GROUP</name>
         <load_address>0x20000000</load_address>
         <run_address>0x20000000</run_address>
         <size>0x14</size>
         <contents>
            <logical_group_ref idref="lg-f0"/>
            <logical_group_ref idref="lg-b"/>
         </contents>
      </logical_group>
      <logical_group id="lg-ff" display="never" color="cyan">
         <name>.debug_info</name>
         <load_address>0x0</load_address>
         <run_address>0x0</run_address>
         <size>0x3da2</size>
         <contents>
            <object_component_ref idref="oc-c0"/>
            <object_component_ref idref="oc-97"/>
            <object_component_ref idref="oc-e0"/>
            <object_component_ref idref="oc-7d"/>
            <object_component_ref idref="oc-e5"/>
            <object_component_ref idref="oc-74"/>
            <object_component_ref idref="oc-28"/>
            <object_component_ref idref="oc-6d"/>
            <object_component_ref idref="oc-bb"/>
            <object_component_ref idref="oc-23"/>
            <object_component_ref idref="oc-36"/>
            <object_component_ref idref="oc-11"/>
            <object_component_ref idref="oc-31"/>
            <object_component_ref idref="oc-76"/>
            <object_component_ref idref="oc-3e"/>
            <object_component_ref idref="oc-38"/>
            <object_component_ref idref="oc-17"/>
            <object_component_ref idref="oc-3f"/>
            <object_component_ref idref="oc-85"/>
            <object_component_ref idref="oc-a5"/>
            <object_component_ref idref="oc-a2"/>
            <object_component_ref idref="oc-63"/>
            <object_component_ref idref="oc-2c"/>
            <object_component_ref idref="oc-45"/>
            <object_component_ref idref="oc-51"/>
            <object_component_ref idref="oc-69"/>
            <object_component_ref idref="oc-d0"/>
            <object_component_ref idref="oc-9f"/>
            <object_component_ref idref="oc-c9"/>
            <object_component_ref idref="oc-9d"/>
            <object_component_ref idref="oc-5d"/>
            <object_component_ref idref="oc-c3"/>
            <object_component_ref idref="oc-95"/>
            <object_component_ref idref="oc-57"/>
            <object_component_ref idref="oc-b0"/>
            <object_component_ref idref="oc-b5"/>
            <object_component_ref idref="oc-ad"/>
            <object_component_ref idref="oc-8f"/>
            <object_component_ref idref="oc-d8"/>
            <object_component_ref idref="oc-113"/>
         </contents>
      </logical_group>
      <logical_group id="lg-101" display="never" color="cyan">
         <name>.debug_line</name>
         <load_address>0x0</load_address>
         <run_address>0x0</run_address>
         <size>0xdaf</size>
         <contents>
            <object_component_ref idref="oc-df"/>
            <object_component_ref idref="oc-9a"/>
            <object_component_ref idref="oc-e3"/>
            <object_component_ref idref="oc-80"/>
            <object_component_ref idref="oc-e8"/>
            <object_component_ref idref="oc-ab"/>
            <object_component_ref idref="oc-73"/>
            <object_component_ref idref="oc-70"/>
            <object_component_ref idref="oc-be"/>
            <object_component_ref idref="oc-26"/>
            <object_component_ref idref="oc-7c"/>
            <object_component_ref idref="oc-14"/>
            <object_component_ref idref="oc-34"/>
            <object_component_ref idref="oc-79"/>
            <object_component_ref idref="oc-84"/>
            <object_component_ref idref="oc-3b"/>
            <object_component_ref idref="oc-1a"/>
            <object_component_ref idref="oc-42"/>
            <object_component_ref idref="oc-88"/>
            <object_component_ref idref="oc-d5"/>
            <object_component_ref idref="oc-d3"/>
            <object_component_ref idref="oc-66"/>
            <object_component_ref idref="oc-2f"/>
            <object_component_ref idref="oc-48"/>
            <object_component_ref idref="oc-54"/>
            <object_component_ref idref="oc-a8"/>
            <object_component_ref idref="oc-ec"/>
            <object_component_ref idref="oc-cf"/>
            <object_component_ref idref="oc-cc"/>
            <object_component_ref idref="oc-c2"/>
            <object_component_ref idref="oc-60"/>
            <object_component_ref idref="oc-c6"/>
            <object_component_ref idref="oc-af"/>
            <object_component_ref idref="oc-5a"/>
            <object_component_ref idref="oc-b3"/>
            <object_component_ref idref="oc-b8"/>
            <object_component_ref idref="oc-d7"/>
            <object_component_ref idref="oc-92"/>
            <object_component_ref idref="oc-db"/>
         </contents>
      </logical_group>
      <logical_group id="lg-103" display="never" color="cyan">
         <name>.debug_frame</name>
         <load_address>0x0</load_address>
         <run_address>0x0</run_address>
         <size>0x645</size>
         <contents>
            <object_component_ref idref="oc-9b"/>
            <object_component_ref idref="oc-71"/>
            <object_component_ref idref="oc-15"/>
            <object_component_ref idref="oc-3c"/>
            <object_component_ref idref="oc-1b"/>
            <object_component_ref idref="oc-67"/>
            <object_component_ref idref="oc-55"/>
            <object_component_ref idref="oc-cd"/>
            <object_component_ref idref="oc-61"/>
            <object_component_ref idref="oc-5b"/>
            <object_component_ref idref="oc-93"/>
         </contents>
      </logical_group>
      <logical_group id="lg-105" display="never" color="cyan">
         <name>.debug_abbrev</name>
         <load_address>0x0</load_address>
         <run_address>0x0</run_address>
         <size>0xd27</size>
         <contents>
            <object_component_ref idref="oc-de"/>
            <object_component_ref idref="oc-bf"/>
            <object_component_ref idref="oc-e2"/>
            <object_component_ref idref="oc-7f"/>
            <object_component_ref idref="oc-e7"/>
            <object_component_ref idref="oc-aa"/>
            <object_component_ref idref="oc-72"/>
            <object_component_ref idref="oc-a9"/>
            <object_component_ref idref="oc-dd"/>
            <object_component_ref idref="oc-6b"/>
            <object_component_ref idref="oc-7b"/>
            <object_component_ref idref="oc-30"/>
            <object_component_ref idref="oc-33"/>
            <object_component_ref idref="oc-78"/>
            <object_component_ref idref="oc-83"/>
            <object_component_ref idref="oc-82"/>
            <object_component_ref idref="oc-3d"/>
            <object_component_ref idref="oc-41"/>
            <object_component_ref idref="oc-87"/>
            <object_component_ref idref="oc-d4"/>
            <object_component_ref idref="oc-d2"/>
            <object_component_ref idref="oc-a4"/>
            <object_component_ref idref="oc-75"/>
            <object_component_ref idref="oc-8a"/>
            <object_component_ref idref="oc-8d"/>
            <object_component_ref idref="oc-a7"/>
            <object_component_ref idref="oc-eb"/>
            <object_component_ref idref="oc-ce"/>
            <object_component_ref idref="oc-ea"/>
            <object_component_ref idref="oc-c1"/>
            <object_component_ref idref="oc-9c"/>
            <object_component_ref idref="oc-c5"/>
            <object_component_ref idref="oc-ae"/>
            <object_component_ref idref="oc-94"/>
            <object_component_ref idref="oc-b2"/>
            <object_component_ref idref="oc-b7"/>
            <object_component_ref idref="oc-d6"/>
            <object_component_ref idref="oc-ac"/>
            <object_component_ref idref="oc-da"/>
            <object_component_ref idref="oc-114"/>
         </contents>
      </logical_group>
      <logical_group id="lg-107" display="never" color="cyan">
         <name>.debug_str</name>
         <load_address>0x0</load_address>
         <run_address>0x0</run_address>
         <size>0xedc</size>
         <contents>
            <object_component_ref idref="oc-e4"/>
            <object_component_ref idref="oc-81"/>
            <object_component_ref idref="oc-e9"/>
            <object_component_ref idref="oc-35"/>
            <object_component_ref idref="oc-7a"/>
            <object_component_ref idref="oc-43"/>
            <object_component_ref idref="oc-89"/>
            <object_component_ref idref="oc-c7"/>
            <object_component_ref idref="oc-b4"/>
            <object_component_ref idref="oc-b9"/>
            <object_component_ref idref="oc-dc"/>
         </contents>
      </logical_group>
      <logical_group id="lg-109" display="never" color="cyan">
         <name>.debug_aranges</name>
         <load_address>0x0</load_address>
         <run_address>0x0</run_address>
         <size>0x228</size>
         <contents>
            <object_component_ref idref="oc-98"/>
            <object_component_ref idref="oc-6e"/>
            <object_component_ref idref="oc-bc"/>
            <object_component_ref idref="oc-24"/>
            <object_component_ref idref="oc-12"/>
            <object_component_ref idref="oc-39"/>
            <object_component_ref idref="oc-18"/>
            <object_component_ref idref="oc-64"/>
            <object_component_ref idref="oc-2d"/>
            <object_component_ref idref="oc-46"/>
            <object_component_ref idref="oc-52"/>
            <object_component_ref idref="oc-ca"/>
            <object_component_ref idref="oc-5e"/>
            <object_component_ref idref="oc-58"/>
            <object_component_ref idref="oc-90"/>
         </contents>
      </logical_group>
      <logical_group id="lg-10b" display="never" color="cyan">
         <name>.debug_pubnames</name>
         <load_address>0x0</load_address>
         <run_address>0x0</run_address>
         <size>0x333</size>
         <contents>
            <object_component_ref idref="oc-99"/>
            <object_component_ref idref="oc-29"/>
            <object_component_ref idref="oc-6f"/>
            <object_component_ref idref="oc-bd"/>
            <object_component_ref idref="oc-25"/>
            <object_component_ref idref="oc-13"/>
            <object_component_ref idref="oc-3a"/>
            <object_component_ref idref="oc-19"/>
            <object_component_ref idref="oc-a3"/>
            <object_component_ref idref="oc-65"/>
            <object_component_ref idref="oc-2e"/>
            <object_component_ref idref="oc-47"/>
            <object_component_ref idref="oc-53"/>
            <object_component_ref idref="oc-6a"/>
            <object_component_ref idref="oc-a0"/>
            <object_component_ref idref="oc-cb"/>
            <object_component_ref idref="oc-5f"/>
            <object_component_ref idref="oc-59"/>
            <object_component_ref idref="oc-91"/>
         </contents>
      </logical_group>
      <logical_group id="lg-10d" display="never" color="cyan">
         <name>.debug_pubtypes</name>
         <load_address>0x0</load_address>
         <run_address>0x0</run_address>
         <size>0x547</size>
         <contents>
            <object_component_ref idref="oc-e1"/>
            <object_component_ref idref="oc-7e"/>
            <object_component_ref idref="oc-e6"/>
            <object_component_ref idref="oc-32"/>
            <object_component_ref idref="oc-77"/>
            <object_component_ref idref="oc-40"/>
            <object_component_ref idref="oc-86"/>
            <object_component_ref idref="oc-a6"/>
            <object_component_ref idref="oc-d1"/>
            <object_component_ref idref="oc-c4"/>
            <object_component_ref idref="oc-b1"/>
            <object_component_ref idref="oc-b6"/>
            <object_component_ref idref="oc-d9"/>
         </contents>
      </logical_group>
      <load_segment id="lg-118" display="no" color="cyan">
         <name>SEGMENT_0</name>
         <load_address>0x0</load_address>
         <run_address>0x0</run_address>
         <size>0x4d8</size>
         <flags>0x5</flags>
         <contents>
            <logical_group_ref idref="lg-3"/>
            <logical_group_ref idref="lg-4"/>
            <logical_group_ref idref="lg-6"/>
         </contents>
      </load_segment>
      <load_segment id="lg-119" display="no" color="cyan">
         <name>SEGMENT_1</name>
         <run_address>0x20000000</run_address>
         <size>0x14</size>
         <flags>0x6</flags>
         <contents>
            <logical_group_ref idref="lg-b"/>
         </contents>
      </load_segment>
      <load_segment id="lg-11a" display="no" color="cyan">
         <name>SEGMENT_2</name>
         <run_address>0x2000fe00</run_address>
         <size>0x200</size>
         <flags>0x6</flags>
         <contents>
            <logical_group_ref idref="lg-e"/>
         </contents>
      </load_segment>
   </logical_group_list>
   <placement_map>
      <memory_area display="yes" color="green">
         <name>MAIN</name>
         <page_id>0x0</page_id>
         <origin>0x0</origin>
         <length>0x40000</length>
         <used_space>0x4d6</used_space>
         <unused_space>0x3fb2a</unused_space>
         <attributes>RX</attributes>
         <usage_details>
            <allocated_space>
               <start_address>0x0</start_address>
               <size>0x140</size>
               <logical_group_ref idref="lg-3"/>
            </allocated_space>
            <allocated_space>
               <start_address>0x140</start_address>
               <size>0x376</size>
               <logical_group_ref idref="lg-4"/>
            </allocated_space>
            <available_space>
               <start_address>0x4b6</start_address>
               <size>0x2</size>
            </available_space>
            <allocated_space>
               <start_address>0x4b8</start_address>
               <size>0x20</size>
               <logical_group_ref idref="lg-6"/>
            </allocated_space>
            <available_space>
               <start_address>0x4d8</start_address>
               <size>0x3fb28</size>
            </available_space>
         </usage_details>
      </memory_area>
      <memory_area display="yes" color="green">
         <name>INFO</name>
         <page_id>0x0</page_id>
         <origin>0x200000</origin>
         <length>0x4000</length>
         <used_space>0x0</used_space>
         <unused_space>0x4000</unused_space>
         <attributes>RX</attributes>
         <usage_details>
         </usage_details>
      </memory_area>
      <memory_area display="yes" color="green">
         <name>SRAM_CODE</name>
         <page_id>0x0</page_id>
         <origin>0x1000000</origin>
         <length>0x10000</length>
         <used_space>0x0</used_space>
         <unused_space>0x10000</unused_space>
         <attributes>RWX</attributes>
         <usage_details>
         </usage_details>
      </memory_area>
      <memory_area display="yes" color="green">
         <name>SRAM_DATA</name>
         <page_id>0x0</page_id>
         <origin>0x20000000</origin>
         <length>0x10000</length>
         <used_space>0x214</used_space>
         <unused_space>0xfdec</unused_space>
         <attributes>RW</attributes>
         <usage_details>
            <allocated_space>
               <start_address>0x20000000</start_address>
               <size>0x14</size>
               <logical_group_ref idref="lg-ef"/>
            </allocated_space>
            <available_space>
               <start_address>0x20000014</start_address>
               <size>0xfdec</size>
            </available_space>
            <allocated_space>
               <start_address>0x2000fe00</start_address>
               <size>0x200</size>
               <logical_group_ref idref="lg-e"/>
            </allocated_space>
         </usage_details>
      </memory_area>
   </placement_map>
   <cptbl_list>
      <cptbl>
         <name>__TI_cinit_table</name>
         <cprec>
            <name>.data</name>
            <load_address>0x4b8</load_address>
            <load_size>0xf</load_size>
            <run_address>0x20000000</run_address>
            <run_size>0x14</run_size>
            <compression>rle</compression>
         </cprec>
      </cptbl>
   </cptbl_list>
   <handler_table>
      <handler_table_name>__TI_handler_table</handler_table_name>
      <handler>
         <index>0x0</index>
         <name>__TI_decompress_rle24</name>
      </handler>
      <handler>
         <index>0x1</index>
         <name>__TI_decompress_none</name>
      </handler>
   </handler_table>
   <symbol_table>
      <symbol id="sm-1">
         <name>WDTCTL_SYM</name>
         <value>0x4000480c</value>
      </symbol>
      <symbol id="sm-2">
         <name>__TI_CINIT_Base</name>
         <value>0x4d0</value>
      </symbol>
      <symbol id="sm-3">
         <name>__TI_CINIT_Limit</name>
         <value>0x4d8</value>
      </symbol>
      <symbol id="sm-4">
         <name>__TI_Handler_Table_Base</name>
         <value>0x4c8</value>
      </symbol>
      <symbol id="sm-5">
         <name>__TI_Handler_Table_Limit</name>
         <value>0x4d0</value>
      </symbol>
      <symbol id="sm-6">
         <name>binit</name>
         <value>0xffffffff</value>
      </symbol>
      <symbol id="sm-7">
         <name>__binit__</name>
         <value>0xffffffff</value>
      </symbol>
      <symbol id="sm-8">
         <name>__STACK_SIZE</name>
         <value>0x200</value>
      </symbol>
      <symbol id="sm-9">
         <name>__STACK_END</name>
         <value>0x20010000</value>
      </symbol>
      <symbol id="sm-a">
         <name>__c_args__</name>
         <value>0xffffffff</value>
      </symbol>
      <symbol id="sm-43">
         <name>myDelay</name>
         <value>0x3eb</value>
         <object_component_ref idref="oc-96"/>
      </symbol>
      <symbol id="sm-44">
         <name>main</name>
         <value>0x3cd</value>
         <object_component_ref idref="oc-96"/>
      </symbol>
      <symbol id="sm-61">
         <name>interruptVectors</name>
         <value>0x0</value>
         <object_component_ref idref="oc-27"/>
      </symbol>
      <symbol id="sm-6a">
         <name>testASM</name>
         <value>0x481</value>
         <object_component_ref idref="oc-ba"/>
      </symbol>
      <symbol id="sm-7c">
         <name>_c_int00</name>
         <value>0x331</value>
         <object_component_ref idref="oc-22"/>
      </symbol>
      <symbol id="sm-7d">
         <name>__stack</name>
         <value>0x2000fe00</value>
         <object_component_ref idref="oc-2a"/>
      </symbol>
      <symbol id="sm-94">
         <name>__TI_decompress_none</name>
         <value>0x493</value>
         <object_component_ref idref="oc-10"/>
      </symbol>
      <symbol id="sm-bc">
         <name>__TI_decompress_rle24</name>
         <value>0x4ad</value>
         <object_component_ref idref="oc-16"/>
      </symbol>
      <symbol id="sm-dc">
         <name>C$$EXIT</name>
         <value>0x411</value>
         <object_component_ref idref="oc-62"/>
      </symbol>
      <symbol id="sm-dd">
         <name>abort</name>
         <value>0x415</value>
         <object_component_ref idref="oc-62"/>
      </symbol>
      <symbol id="sm-de">
         <name>exit</name>
         <value>0x41d</value>
         <object_component_ref idref="oc-62"/>
      </symbol>
      <symbol id="sm-df">
         <name>__TI_dtors_ptr</name>
         <value>0x2000000c</value>
         <object_component_ref idref="oc-a1"/>
      </symbol>
      <symbol id="sm-e0">
         <name>__TI_cleanup_ptr</name>
         <value>0x20000008</value>
         <object_component_ref idref="oc-a1"/>
      </symbol>
      <symbol id="sm-fb">
         <name>memcpy</name>
         <value>0x141</value>
         <object_component_ref idref="oc-2b"/>
      </symbol>
      <symbol id="sm-fc">
         <name>__aeabi_memcpy</name>
         <value>0x141</value>
         <object_component_ref idref="oc-2b"/>
      </symbol>
      <symbol id="sm-fd">
         <name>__aeabi_memcpy8</name>
         <value>0x141</value>
         <object_component_ref idref="oc-2b"/>
      </symbol>
      <symbol id="sm-fe">
         <name>__aeabi_memcpy4</name>
         <value>0x141</value>
         <object_component_ref idref="oc-2b"/>
      </symbol>
      <symbol id="sm-10d">
         <name>__aeabi_memset</name>
         <value>0x1df</value>
         <object_component_ref idref="oc-44"/>
      </symbol>
      <symbol id="sm-10e">
         <name>memset</name>
         <value>0x1e5</value>
         <object_component_ref idref="oc-44"/>
      </symbol>
      <symbol id="sm-10f">
         <name>__aeabi_memset8</name>
         <value>0x1df</value>
         <object_component_ref idref="oc-44"/>
      </symbol>
      <symbol id="sm-110">
         <name>__aeabi_memset4</name>
         <value>0x1df</value>
         <object_component_ref idref="oc-44"/>
      </symbol>
      <symbol id="sm-111">
         <name>__aeabi_memclr8</name>
         <value>0x1dd</value>
         <object_component_ref idref="oc-44"/>
      </symbol>
      <symbol id="sm-112">
         <name>__aeabi_memclr4</name>
         <value>0x1dd</value>
         <object_component_ref idref="oc-44"/>
      </symbol>
      <symbol id="sm-113">
         <name>__aeabi_memclr</name>
         <value>0x1dd</value>
         <object_component_ref idref="oc-44"/>
      </symbol>
      <symbol id="sm-11d">
         <name>_system_pre_init</name>
         <value>0x4b3</value>
         <object_component_ref idref="oc-50"/>
      </symbol>
      <symbol id="sm-125">
         <name>main_func_sp</name>
         <value>0x20000010</value>
         <object_component_ref idref="oc-68"/>
      </symbol>
      <symbol id="sm-13e">
         <name>_nop</name>
         <value>0x47b</value>
         <object_component_ref idref="oc-c8"/>
      </symbol>
      <symbol id="sm-13f">
         <name>_lock</name>
         <value>0x20000000</value>
         <object_component_ref idref="oc-9e"/>
      </symbol>
      <symbol id="sm-140">
         <name>_unlock</name>
         <value>0x20000004</value>
         <object_component_ref idref="oc-9e"/>
      </symbol>
      <symbol id="sm-141">
         <name>_register_lock</name>
         <value>0x473</value>
         <object_component_ref idref="oc-c8"/>
      </symbol>
      <symbol id="sm-142">
         <name>_register_unlock</name>
         <value>0x46d</value>
         <object_component_ref idref="oc-c8"/>
      </symbol>
      <symbol id="sm-157">
         <name>_args_main</name>
         <value>0x455</value>
         <object_component_ref idref="oc-5c"/>
      </symbol>
      <symbol id="sm-17d">
         <name>__TI_auto_init</name>
         <value>0x259</value>
         <object_component_ref idref="oc-56"/>
      </symbol>
      <symbol id="sm-197">
         <name>copy_in</name>
         <value>0x381</value>
         <object_component_ref idref="oc-8e"/>
      </symbol>
      <symbol id="sm-198">
         <name>__TI_static_base__</name>
         <value>0x0</value>
      </symbol>
      <symbol id="sm-19b">
         <name>SHT$$INIT_ARRAY$$Limit</name>
         <value>0x0</value>
      </symbol>
      <symbol id="sm-19c">
         <name>SHT$$INIT_ARRAY$$Base</name>
         <value>0x0</value>
      </symbol>
   </symbol_table>
   <title>Link successful</title>
</link_info>
